Workbook
Name aporte: Invest_Smart!$C$19
Name qtd_anos: Invest_Smart!$C$18
Name taxa_mensal: Invest_Smart!$C$17

Sheet Invest_Smart
B11: CONFIGURAÇÕES
B12: Salário | C12: 2000
B13: Rendimento Carteira | C13: 0.006
B14: Sugestão de Investimento (30%) | C14: =C12*30% -> 600
B16: INVESTIMENTO MENSAL
B17: Quanto investir pot mês? | C17: 500
B18: Por Quantos anos? | C18: 5
B19: Taxa de Rendimento Mensal? | C19: 0.0108
B20: Patrimõnio acumulado? | C20: =FV(aporte,qtd_anos*12,taxa_mensal*-1) -> 41902.01
B21: Dividendos Mensais? | C21: =C20*1% -> 419.0201
B23: CENÁRIOS | D23: Dividendo
A24: 2 | B24: Quanto em 2 anos? | C24: =FV(aporte,A24*12,taxa_mensal*-1) -> 13615.432 | D24: =C24*1% -> 136.15432
A25: 5 | B25: Quanto em 5 anos? | C25: =FV(aporte,A25*12,taxa_mensal*-1) -> 41902.01 | D25: =C25*1% -> 419.0201
A26: 10 | B26: Quanto em 10 anos? | C26: =FV(aporte,A26*12,taxa_mensal*-1) -> 121728.83 | D26: =C26*1% -> 1217.2883
A27: 20 | B27: Quanto em 20 anos? | C27: =FV(aporte,A27*12,taxa_mensal*-1) -> 563524.5 | D27: =C27*1% -> 5635.245
A28: 30 | B28: Quanto em 30 anos? | C28: =FV(aporte,A28*12,taxa_mensal*-1) -> 2166952.4 | D28: =C28*1% -> 21669.524
B30: PERFIL | C30: Conservador
B31: VALOR A SER INVESTIDO POR MÊS | C31: =taxa_mensal -> 500
B33: TIPO DE FII | C33: PERCENTUAL SUGERIDO | D33: VALORES
B34: PAPEL | C34: =VLOOKUP($C$30&"-"&B34,Planilha!A3:D20,4,FALSE) -> 0.5 | D34: =C34*$C$31 -> 250
B35: TIJOLO | C35: =VLOOKUP($C$30&"-"&B35,Planilha!A4:D21,4,FALSE) -> 0.1 | D35: =C35*$C$31 -> 50
B36: HÍBRIDOS | C36: =VLOOKUP($C$30&"-"&B36,Planilha!A5:D22,4,FALSE) -> 0.05 | D36: =C36*$C$31 -> 25
B37: FOFs | C37: =VLOOKUP($C$30&"-"&B37,Planilha!A6:D23,4,FALSE) -> 0.05 | D37: =C37*$C$31 -> 25
B38: DESENVOLVIMENTO | C38: =VLOOKUP($C$30&"-"&B38,Planilha!A7:D24,4,FALSE) -> 0.2 | D38: =C38*$C$31 -> 100
B39: HOTELARIAS | C39: =VLOOKUP($C$30&"-"&B39,Planilha!A8:D25,4,FALSE) -> 0.1 | D39: =C39*$C$31 -> 50
D40: =SUM(D34:D39) -> 500

Sheet Planilha
A2: CHAVE | B2: PERFIL | C2: TIPO DE FII | D2: %
A3: =B3&"-"&Invest_Smart!B34 -> Moderado-PAPEL | B3: Moderado | C3: PAPEL | D3: 0.3
A4: =B4&"-"&Invest_Smart!B35 -> Moderado-TIJOLO | B4: Moderado | C4: TIJOLO | D4: 0.5
A5: =B5&"-"&Invest_Smart!B36 -> Moderado-HÍBRIDOS | B5: Moderado | C5: HÍBRIDOS | D5: 0.1
A6: =B6&"-"&Invest_Smart!B37 -> Moderado-FOFs | B6: Moderado | C6: FOFs | D6: 0.1
A7: =B7&"-"&Invest_Smart!B38 -> Moderado-DESENVOLVIMENTO | B7: Moderado | C7: DESENVOLVIMENTO | D7: 0
A8: =B8&"-"&Invest_Smart!B39 -> Moderado-HOTELARIAS | B8: Moderado | C8: HOTELARIAS | D8: 0
A9: =B9&"-"&C9 -> Agressivo-PAPEL | B9: Agressivo | C9: PAPEL | D9: 0.32
A10: =B10&"-"&C10 -> Agressivo-TIJOLO | B10: Agressivo | C10: TIJOLO | D10: 0.35
A11: =B11&"-"&C11 -> Agressivo-HÍBRIDOS | B11: Agressivo | C11: HÍBRIDOS | D11: 0.08
A12: =B12&"-"&C12 -> Agressivo-FOFs | B12: Agressivo | C12: FOFs | D12: 0.05
A13: =B13&"-"&C13 -> Agressivo-DESENVOLVIMENTO | B13: Agressivo | C13: DESENVOLVIMENTO | D13: 0.1
A14: =B14&"-"&C14 -> Agressivo-HOTELARIAS | B14: Agressivo | C14: HOTELARIAS | D14: 0.1
A15: =B15&"-"&C15 -> Conservador-PAPEL | B15: Conservador | C15: PAPEL | D15: 0.5
A16: =B16&"-"&C16 -> Conservador-TIJOLO | B16: Conservador | C16: TIJOLO | D16: 0.1
A17: =B17&"-"&C17 -> Conservador-HÍBRIDOS | B17: Conservador | C17: HÍBRIDOS | D17: 0.05
A18: =B18&"-"&C18 -> Conservador-FOFs | B18: Conservador | C18: FOFs | D18: 0.05
A19: =B19&"-"&C19 -> Conservador-DESENVOLVIMENTO | B19: Conservador | C19: DESENVOLVIMENTO | D19: 0.2
A20: =B20&"-"&C20 -> Conservador-HOTELARIAS | B20: Conservador | C20: HOTELARIAS | D20: 0.1
